{
  "сreate transaction" : {
    "transaction" : "сreate transaction",
    "sampleCount" : 1008,
    "errorCount" : 97,
    "errorPct" : 9.623015,
    "meanResTime" : 1710.2351190476197,
    "medianResTime" : 1031.0,
    "minResTime" : 797.0,
    "maxResTime" : 14174.0,
    "pct1ResTime" : 1424.8000000000002,
    "pct2ResTime" : 4841.099999999989,
    "pct3ResTime" : 14086.0,
    "throughput" : 1.680565790482796,
    "receivedKBytesPerSec" : 1.7240749046970814,
    "sentKBytesPerSec" : 1.4097714980710172
  },
  "Debug Sampler" : {
    "transaction" : "Debug Sampler",
    "sampleCount" : 1004,
    "errorCount" : 0,
    "errorPct" : 0.0,
    "meanResTime" : 0.26494023904382485,
    "medianResTime" : 0.0,
    "minResTime" : 0.0,
    "maxResTime" : 17.0,
    "pct1ResTime" : 1.0,
    "pct2ResTime" : 1.0,
    "pct3ResTime" : 2.0,
    "throughput" : 1.6766223074264015,
    "receivedKBytesPerSec" : 1.1379989762208533,
    "sentKBytesPerSec" : 0.0
  },
  "adding product to transaction" : {
    "transaction" : "adding product to transaction",
    "sampleCount" : 909,
    "errorCount" : 0,
    "errorPct" : 0.0,
    "meanResTime" : 149.06270627062722,
    "medianResTime" : 139.0,
    "minResTime" : 99.0,
    "maxResTime" : 997.0,
    "pct1ResTime" : 186.0,
    "pct2ResTime" : 209.5,
    "pct3ResTime" : 288.39999999999986,
    "throughput" : 2.155387044914567,
    "receivedKBytesPerSec" : 3.0436422528774063,
    "sentKBytesPerSec" : 1.0482253402025923
  },
  "create order" : {
    "transaction" : "create order",
    "sampleCount" : 909,
    "errorCount" : 5,
    "errorPct" : 0.550055,
    "meanResTime" : 125.35093509350934,
    "medianResTime" : 119.0,
    "minResTime" : 79.0,
    "maxResTime" : 964.0,
    "pct1ResTime" : 154.0,
    "pct2ResTime" : 171.0,
    "pct3ResTime" : 229.89999999999998,
    "throughput" : 2.163765380229992,
    "receivedKBytesPerSec" : 3.0436295936869944,
    "sentKBytesPerSec" : 0.7459074015831907
  },
  "Total" : {
    "transaction" : "Total",
    "sampleCount" : 6694,
    "errorCount" : 146,
    "errorPct" : 2.1810577,
    "meanResTime" : 351.7399163429941,
    "medianResTime" : 125.0,
    "minResTime" : 0.0,
    "maxResTime" : 14174.0,
    "pct1ResTime" : 989.0,
    "pct2ResTime" : 1091.25,
    "pct3ResTime" : 1966.2000000000007,
    "throughput" : 11.14036459980229,
    "receivedKBytesPerSec" : 12.056835996658222,
    "sentKBytesPerSec" : 4.68150064104111
  },
  "open transaction" : {
    "transaction" : "open transaction",
    "sampleCount" : 953,
    "errorCount" : 44,
    "errorPct" : 4.616999,
    "meanResTime" : 125.20146904512056,
    "medianResTime" : 116.0,
    "minResTime" : 71.0,
    "maxResTime" : 459.0,
    "pct1ResTime" : 162.0,
    "pct2ResTime" : 183.29999999999995,
    "pct3ResTime" : 290.96000000000095,
    "throughput" : 1.7136589225347048,
    "receivedKBytesPerSec" : 1.7841845341383153,
    "sentKBytesPerSec" : 0.5862887056750341
  },
  "transfer transaction to prepay" : {
    "transaction" : "transfer transaction to prepay",
    "sampleCount" : 907,
    "errorCount" : 0,
    "errorPct" : 0.0,
    "meanResTime" : 163.75633958103646,
    "medianResTime" : 156.0,
    "minResTime" : 106.0,
    "maxResTime" : 488.0,
    "pct1ResTime" : 207.20000000000005,
    "pct2ResTime" : 231.0,
    "pct3ResTime" : 295.91999999999996,
    "throughput" : 2.1579618561802887,
    "receivedKBytesPerSec" : 3.0536003218801153,
    "sentKBytesPerSec" : 0.7502289265626785
  },
  "сreate session" : {
    "transaction" : "сreate session",
    "sampleCount" : 1004,
    "errorCount" : 0,
    "errorPct" : 0.0,
    "meanResTime" : 112.62749003984067,
    "medianResTime" : 102.5,
    "minResTime" : 80.0,
    "maxResTime" : 668.0,
    "pct1ResTime" : 136.5,
    "pct2ResTime" : 160.75,
    "pct3ResTime" : 282.0000000000009,
    "throughput" : 1.6736290077913765,
    "receivedKBytesPerSec" : 1.1522543461844925,
    "sentKBytesPerSec" : 0.9512227368501769
  }
}